INSERT INTO categorias (nombre,descripcion) VALUES
	 ('Ropa','Y ahora quiere que me ponga ropa cara, Balenciaga, Gucci, Prada');

INSERT INTO productos (id,categoria,nombre,precio,descripcion,puntaje,cantidad) VALUES
	 (72,'Ropa','Red Printed T-shirt',50000,'Camiseta Roja Lo mas de aleta',4,20),
	 (73,'Ropa','Zapatillas Negras HRX',320000,'Zapatillas negras ultra pelles',4,2),
	 (74,'Ropa','Pantalon Gris Ultra 4k',60000,'Pantalos gris hiper pelle',4,43),
	 (75,'Ropa','Camisa Polo Azul PUMA',100000,'Camisa mas pelle HD',4,29),
	 (76,'Ropa','Zapatillas Grises PUMA',520000,'Zapatillas grises ultra pelles',4,45),
	 (77,'Ropa','Camisa Negra PUMA',40000,'Camisa PUMIX 1080p',4,432),
	 (78,'Ropa','Medias HRX',20000,'Medias Medio Medio',4,204),
	 (79,'Ropa','Reloj Negro Fossil',3200000,'Ultra fino 4k el reloj',4,5),
	 (80,'Ropa','Reloj Roadster Negro',1203000,'Relojito aspero',4,54),
	 (81,'Ropa','Zapatillas Deportivas HRX',200000,'Zapatillas negras ultra pelles',4,20),
	 (82,'Ropa','Zapatillas Grises HRX',125999,'Zapatillas grises ultra pelles',4,54),
	 (83,'Ropa','Pantalon NIKE negro',150000,'Severo Yoger',4,20);

INSERT INTO imagenes (id,producto,url) VALUES
	 (72,72,'https://res.cloudinary.com/t6fd7g1u/image/upload/v1617036254/ytnzk8sgwag6scv5rwqe.jpg'),
	 (73,72,'https://res.cloudinary.com/t6fd7g1u/image/upload/v1617036255/gjyiaozbezp7sh6lppna.jpg'),
	 (74,72,'https://res.cloudinary.com/t6fd7g1u/image/upload/v1617036256/abxrcwtex9uo4yivq3jy.jpg'),
	 (75,72,'https://res.cloudinary.com/t6fd7g1u/image/upload/v1617036257/zr6qcbrnxbxf4iszkfrn.jpg'),
	 (76,72,'https://res.cloudinary.com/t6fd7g1u/image/upload/v1617036258/mukr903y10kntpkfvmsk.jpg'),
	 (77,73,'https://res.cloudinary.com/t6fd7g1u/image/upload/v1617036259/ffywg5pul0xpyuwkvmca.jpg'),
	 (78,73,'https://res.cloudinary.com/t6fd7g1u/image/upload/v1617036260/a2sa6i0totouz908jw3q.jpg'),
	 (79,73,'https://res.cloudinary.com/t6fd7g1u/image/upload/v1617036262/lnmmic7bcrunscuvycub.jpg'),
	 (80,73,'https://res.cloudinary.com/t6fd7g1u/image/upload/v1617036264/dwi1kknipo9z2vddd2jr.jpg'),
	 (81,73,'https://res.cloudinary.com/t6fd7g1u/image/upload/v1617036265/grx6pakqn8hsocepjd9i.jpg'),
	 (82,74,'https://res.cloudinary.com/t6fd7g1u/image/upload/v1617036266/pdcerwoup0ckmcnv2nkc.jpg'),
	 (83,74,'https://res.cloudinary.com/t6fd7g1u/image/upload/v1617036268/o4srglzelecjzzh0s2vp.jpg'),
	 (84,74,'https://res.cloudinary.com/t6fd7g1u/image/upload/v1617036269/olulzy5nqtkkhymgen4r.jpg'),
	 (85,74,'https://res.cloudinary.com/t6fd7g1u/image/upload/v1617036270/jw4y2u8syas8tdbossxi.jpg'),
	 (86,74,'https://res.cloudinary.com/t6fd7g1u/image/upload/v1617036272/cgudgtmeabyg6kvqeujm.jpg'),
	 (87,75,'https://res.cloudinary.com/t6fd7g1u/image/upload/v1617036273/zmrdrffna9j1bpn6gp6d.jpg'),
	 (88,75,'https://res.cloudinary.com/t6fd7g1u/image/upload/v1617036274/po0kmvn5hnrcxz9dzthe.jpg'),
	 (89,75,'https://res.cloudinary.com/t6fd7g1u/image/upload/v1617036276/lhakdgxkznf3joyt5bc9.jpg'),
	 (90,75,'https://res.cloudinary.com/t6fd7g1u/image/upload/v1617036277/pxnk7xsnd3aculfhl2qg.jpg'),
	 (91,75,'https://res.cloudinary.com/t6fd7g1u/image/upload/v1617036279/g9gnzjgwbyab5do3xgjc.jpg'),
	 (92,76,'https://res.cloudinary.com/t6fd7g1u/image/upload/v1617036280/wtyvezbe6fle4oxenfje.jpg'),
	 (93,76,'https://res.cloudinary.com/t6fd7g1u/image/upload/v1617036282/naayxvadbwdlkdvhgwmr.jpg'),
	 (94,76,'https://res.cloudinary.com/t6fd7g1u/image/upload/v1617036284/f4d2nn6fgy9nzhtmt5qv.jpg'),
	 (95,76,'https://res.cloudinary.com/t6fd7g1u/image/upload/v1617036286/czhudjnzhviiffonj5ut.jpg'),
	 (96,76,'https://res.cloudinary.com/t6fd7g1u/image/upload/v1617036288/daot08jiole60ghvple4.jpg'),
	 (97,77,'https://res.cloudinary.com/t6fd7g1u/image/upload/v1617036289/thafzzs0ltdifyody3q7.jpg'),
	 (98,77,'https://res.cloudinary.com/t6fd7g1u/image/upload/v1617036290/izr7p6qtsxwbw6rd7oue.jpg'),
	 (99,77,'https://res.cloudinary.com/t6fd7g1u/image/upload/v1617036292/mqrxm9jga27602uegnfj.jpg'),
	 (100,77,'https://res.cloudinary.com/t6fd7g1u/image/upload/v1617036293/obzxsyjd5wvwf2jpbars.jpg'),
	 (101,77,'https://res.cloudinary.com/t6fd7g1u/image/upload/v1617036295/vusgornz2ejg0s1ctbyf.jpg'),
	 (102,78,'https://res.cloudinary.com/t6fd7g1u/image/upload/v1617036296/cswh0earqygrafwzug1l.jpg'),
	 (103,78,'https://res.cloudinary.com/t6fd7g1u/image/upload/v1617036297/tfwpi4i7y4g9wuetf3qq.jpg'),
	 (104,78,'https://res.cloudinary.com/t6fd7g1u/image/upload/v1617036298/icw4v8gzntkdb2iusgn1.jpg'),
	 (105,78,'https://res.cloudinary.com/t6fd7g1u/image/upload/v1617036300/pi1sruejzauwtiaqz2mt.jpg'),
	 (106,78,'https://res.cloudinary.com/t6fd7g1u/image/upload/v1617036301/eaw8y174yaqqshlgithx.jpg'),
	 (107,79,'https://res.cloudinary.com/t6fd7g1u/image/upload/v1617036303/cn6cjxiyjtso2mh97cfz.jpg'),
	 (108,79,'https://res.cloudinary.com/t6fd7g1u/image/upload/v1617036304/vtkzwrmptohwaijehtmk.jpg'),
	 (109,79,'https://res.cloudinary.com/t6fd7g1u/image/upload/v1617036305/gybie4lbrzexrvvsro0c.jpg'),
	 (110,79,'https://res.cloudinary.com/t6fd7g1u/image/upload/v1617036306/zkfqiocx9ox6re3fawtz.jpg'),
	 (111,79,'https://res.cloudinary.com/t6fd7g1u/image/upload/v1617036307/fgqtd8bslxwhtbrorodf.jpg'),
	 (112,80,'https://res.cloudinary.com/t6fd7g1u/image/upload/v1617036308/yy2fk88o8e6ygxgwy2oq.jpg'),
	 (113,80,'https://res.cloudinary.com/t6fd7g1u/image/upload/v1617036309/cvhbobzkvmou1kn8hyli.jpg'),
	 (114,80,'https://res.cloudinary.com/t6fd7g1u/image/upload/v1617036311/cia9bt4ij14l12alkeg2.jpg'),
	 (115,80,'https://res.cloudinary.com/t6fd7g1u/image/upload/v1617036312/kfetdfofebhehdwr7pn1.jpg'),
	 (116,80,'https://res.cloudinary.com/t6fd7g1u/image/upload/v1617036313/vhaksckplrzw4jheexju.jpg'),
	 (117,81,'https://res.cloudinary.com/t6fd7g1u/image/upload/v1617036315/c88poj1pxggkg42brefv.jpg'),
	 (118,81,'https://res.cloudinary.com/t6fd7g1u/image/upload/v1617036316/ao7cf2xg3s6cla7v8f0d.jpg'),
	 (119,81,'https://res.cloudinary.com/t6fd7g1u/image/upload/v1617036317/sns14teopsaqi4xyulxa.jpg'),
	 (120,81,'https://res.cloudinary.com/t6fd7g1u/image/upload/v1617036319/ojzlzbkidy0if6rqrirq.jpg'),
	 (121,81,'https://res.cloudinary.com/t6fd7g1u/image/upload/v1617036320/swkm4w6stipg5z33pjwf.jpg'),
	 (122,82,'https://res.cloudinary.com/t6fd7g1u/image/upload/v1617036321/owsrqvywu849mm0vneya.jpg'),
	 (123,82,'https://res.cloudinary.com/t6fd7g1u/image/upload/v1617036323/yiopcq0rzwoenw39x4oy.jpg'),
	 (124,82,'https://res.cloudinary.com/t6fd7g1u/image/upload/v1617036324/nk5jwbtc7ynhm6j89xhq.jpg'),
	 (125,82,'https://res.cloudinary.com/t6fd7g1u/image/upload/v1617036325/vrlhjaz6wdtivxfocmoo.jpg'),
	 (126,82,'https://res.cloudinary.com/t6fd7g1u/image/upload/v1617036327/vy7wmqr9dpjrjteluiwp.jpg'),
	 (127,83,'https://res.cloudinary.com/t6fd7g1u/image/upload/v1617036329/nan7topi4ul0iqzhjmly.jpg'),
	 (128,83,'https://res.cloudinary.com/t6fd7g1u/image/upload/v1617036330/jym0iixo5pb41dyqgbmp.jpg'),
	 (129,83,'https://res.cloudinary.com/t6fd7g1u/image/upload/v1617036331/nulw4idcqjvc6gncvlwb.jpg'),
	 (130,83,'https://res.cloudinary.com/t6fd7g1u/image/upload/v1617036333/ykns0zt2znjribkpw5fn.jpg'),
	 (131,83,'https://res.cloudinary.com/t6fd7g1u/image/upload/v1617036334/xpz2crzwee0wramq0xpp.jpg');
	 
INSERT INTO rol (id,nombre,descripcion) VALUES
	 (1,'ADMIN','Administrador'),
	 (2,'USER','Usuario');
	 
INSERT INTO usuarios (username,documento,telefono,email,nombre,edad,"password",direccion,tipodocumento,rol) VALUES
	 ('homie.simpson',123456789,'3174414419','homie.simpson@springfield.com','Homero J Simpson',36,'$2a$10$5vSdtayS.aiXtgX5fUSTz.8YMcSypUTuddZeqTKOgfmJ96cSwyxRO','742 de Evergreen Terrace','CC',1),
	 ('montgomery.burns',987654321,'3075627419','montgomery.burns@springfield.com','Montgomery Burns',87,'$2a$10$GbwT0Q/663ZGi8h9TCyMWuiP1Uzl3j.L9h4oJ9eJ0hIZLxeH/Y9vq','Mansión Burns','CC',2);